{
    "CMSIS-M1": {
        "fpr": 0.03127349274871307,
        "fnr": 0.0014644882966268007,
        "acc": 0.9927609477494238,
        "precision": 0.968726507251287,
        "recall": 0.9937471867914721
    },
    "CMSIS-M2": {
        "fpr": 0.0262787426422545,
        "fnr": 0.011311703095495887,
        "acc": 0.9859274217932936,
        "precision": 0.9737212573577455,
        "recall": 0.9511489039112483
    },
    "CMSIS-M3": {
        "fpr": 0.019243170856299407,
        "fnr": 0.04997814775212592,
        "acc": 0.9546072129154098,
        "precision": 0.9807568291437005,
        "recall": 0.7748273752537984
    },
    "CMSIS-M0": {
        "fpr": 0.03479435626728561,
        "fnr": 0.0,
        "acc": 0.9931925266740775,
        "precision": 0.9652056437327144,
        "recall": 1.0
    }
}