{
    "CMSIS-M1": {
        "fpr": 0.03273,
        "fnr": 0.00013
    },
    "CMSIS-M2": {
        "fpr": 0.02914,
        "fnr": 0.00149
    },
    "CMSIS-M3": {
        "fpr": 0.02890,
        "fnr": 0.01247
    },
    "CMSIS-M0": {
        "fpr": 0.03463,
        "fnr": 0.0
    }
}