{
    "CMSIS-M1": {
        "fpr": 0.012315707896432273,
        "fnr": 0.0006280689767796587,
        "acc": 0.9980543158918781,
        "precision": 0.9876842921035677,
        "recall": 0.9950201957682011
    },
    "CMSIS-M2": {
        "fpr": 0.010037848174668535,
        "fnr": 0.0036776034088375044,
        "acc": 0.9956244739145014,
        "precision": 0.9899621518253314,
        "recall": 0.9707424743249421
    },
    "CMSIS-M3": {
        "fpr": 0.007031571085764287,
        "fnr": 0.019119140682606138,
        "acc": 0.982032527261446,
        "precision": 0.9929684289142358,
        "recall": 0.8454261805635249
    },
    "CMSIS-M0": {
        "fpr": 0.014673851589450991,
        "fnr": 0.0,
        "acc": 0.9983334737719224,
        "precision": 0.985326148410549,
        "recall": 1.0
    }
}