{
    "CMSIS-M1": {
        "fpr": 0.02976001880811756,
        "fnr": 0.0025323937430346464,
        "acc": 0.9922255793565484,
        "precision": 0.9702399811918825,
        "recall": 0.9891716381200033
    },
    "CMSIS-M2": {
        "fpr": 0.02382100343032698,
        "fnr": 0.015106894849666982,
        "acc": 0.9833178429832714,
        "precision": 0.976178996569673,
        "recall": 0.9344634941338941
    },
    "CMSIS-M3": {
        "fpr": 0.01564945167432142,
        "fnr": 0.06098835530736004,
        "acc": 0.9452894765637118,
        "precision": 0.9843505483256786,
        "recall": 0.7217577553975282
    },
    "CMSIS-M0": {
        "fpr": 0.03479435626728561,
        "fnr": 0.0,
        "acc": 0.9931925266740775,
        "precision": 0.9652056437327144,
        "recall": 1.0
    }
}