{
    "CMSIS-M1": {
        "fpr": 0.024827884506862866,
        "fnr": 0.0004629033578840751,
        "acc": 0.997503263289302,
        "precision": 0.9751721154931371,
        "recall": 0.9948150201680985
    },
    "CMSIS-M2": {
        "fpr": 0.02273112449539517,
        "fnr": 0.006780131085994909,
        "acc": 0.9919864214743989,
        "precision": 0.9772688755046048,
        "recall": 0.9235464721747134
    },
    "CMSIS-M3": {
        "fpr": 0.019787631818373765,
        "fnr": 0.029699070115514297,
        "acc": 0.9708444752187119,
        "precision": 0.9802123681816263,
        "recall": 0.65694807237231
    },
    "CMSIS-M0": {
        "fpr": 0.027476421659607397,
        "fnr": 0.0,
        "acc": 0.997688210647989,
        "precision": 0.9725235783403926,
        "recall": 1.0
    }
}