{
    "CMSIS-M1": {
        "fpr": 0.012456095023287967,
        "fnr": 0.0002872080387868522,
        "acc": 0.9983370000875263,
        "precision": 0.9875439049767121,
        "recall": 0.9977236255683881
    },
    "CMSIS-M2": {
        "fpr": 0.011606149666873528,
        "fnr": 0.0009423699813447151,
        "acc": 0.9978593159021413,
        "precision": 0.9883938503331264,
        "recall": 0.992525120074048
    },
    "CMSIS-M3": {
        "fpr": 0.009252702807491542,
        "fnr": 0.010806512769473992,
        "acc": 0.989353790034011,
        "precision": 0.9907472971925084,
        "recall": 0.9133938297083795
    },
    "CMSIS-M0": {
        "fpr": 0.014673851589450991,
        "fnr": 0.0,
        "acc": 0.9983334737719224,
        "precision": 0.985326148410549,
        "recall": 1.0
    }
}