{
    "CMSIS-M1": {
        "fpr": 0.04522,
        "fnr": 0.0013
    },
    "CMSIS-M2": {
        "fpr": 0.03585,
        "fnr": 0.01225
    },
    "CMSIS-M3": {
        "fpr": 0.02480,
        "fnr": 0.05371
    },
    "CMSIS-M0": {
        "fpr": 0.05345,
        "fnr": 0.0
    }
}