{
    "CMSIS-M1": {
        "fpr": 0.0313244814374422,
        "fnr": 0.0028892963556324436,
        "acc": 0.9925796319694931,
        "precision": 0.9686755185625578,
        "recall": 0.9845080970864857
    },
    "CMSIS-M2": {
        "fpr": 0.025155577867465785,
        "fnr": 0.019813088774997774,
        "acc": 0.9794206852936481,
        "precision": 0.9748444221325342,
        "recall": 0.8917530600947796
    },
    "CMSIS-M3": {
        "fpr": 0.015972409261136373,
        "fnr": 0.07076581244554533,
        "acc": 0.9343951087160469,
        "precision": 0.9840275907388636,
        "recall": 0.5911562983922648
    },
    "CMSIS-M0": {
        "fpr": 0.03739441801337994,
        "fnr": 0.0,
        "acc": 0.9939093687416122,
        "precision": 0.96260558198662,
        "recall": 1.0
    }
}