{
    "recall": {
        "FCM+TopK": [
            [
                0.9801115122924271
            ],
            [
                0.9746158511491931
            ],
            [
                0.9745931616486455
            ],
            [
                0.9727796823085763
            ],
            [
                0.9697565764737011
            ],
            [
                0.9861922984392024
            ],
            [
                0.9782279235961682
            ]
        ]
    },
    "precision": {
        "FCM+TopK": [
            [
                0.09160191876076809
            ],
            [
                0.09963769152038411
            ],
            [
                0.24286786234276073
            ],
            [
                0.9961122245129493
            ],
            [
                0.9992868352382811
            ],
            [
                0.9995619600244718
            ],
            [
                0.9999487047583332
            ]
        ]
    },
    "mse": {
        "FCM+TopK": [
            [
                243662736755822.75
            ],
            [
                2448909739664.385
            ],
            [
                29046912948.19308
            ],
            [
                151405319.58750144
            ],
            [
                10958642.180038013
            ],
            [
                3888254.1889473363
            ],
            [
                2300994.302674672
            ]
        ]
    },
    "fnr": {
        "FCM+TopK": [
            [
                0.012512834363783386
            ],
            [
                0.010123159699707267
            ],
            [
                0.00306983915629706
            ],
            [
                0.002406204469660558
            ],
            [
                0.0026719917212517075
            ],
            [
                0.0012216495902042006
            ],
            [
                0.0019248838280103702
            ]
        ]
    },
    "fpr": {
        "FCM+TopK": [
            [
                0.9083980812392319
            ],
            [
                0.9003623084796158
            ],
            [
                0.7571321376572393
            ],
            [
                0.003887775487050644
            ],
            [
                0.0007131647617188495
            ],
            [
                0.0004380399755281667
            ],
            [
                5.129524166685483e-05
            ]
        ]
    }
}