{
    "recall": {
        "FCM+TopK": [
            [
                0.9827175536844776
            ],
            [
                0.9540139170620675
            ],
            [
                0.9554089018268445
            ],
            [
                0.9508972725661864
            ],
            [
                0.9633917738617378
            ],
            [
                0.9656765537187219
            ],
            [
                0.9493660053680831
            ]
        ]
    },
    "precision": {
        "FCM+TopK": [
            [
                0.1504194452322187
            ],
            [
                0.15660703039863932
            ],
            [
                0.19873010858784937
            ],
            [
                0.8930102317754715
            ],
            [
                0.9950100063877887
            ],
            [
                0.9983309965226103
            ],
            [
                0.9989256205655811
            ]
        ]
    },
    "mse": {
        "FCM+TopK": [
            [
                199187352947064.28
            ],
            [
                2683932214854.1333
            ],
            [
                21680945815.723667
            ],
            [
                149276272.98479772
            ],
            [
                9415978.365729129
            ],
            [
                4923108.898290151
            ],
            [
                4826588.735660432
            ]
        ]
    },
    "fnr": {
        "FCM+TopK": [
            [
                0.029936788242054733
            ],
            [
                0.045141479216974575
            ],
            [
                0.01936293912717516
            ],
            [
                0.008121983422059269
            ],
            [
                0.005960061583597544
            ],
            [
                0.005587236298225629
            ],
            [
                0.008219680928358158
            ]
        ]
    },
    "fpr": {
        "FCM+TopK": [
            [
                0.8495805547677813
            ],
            [
                0.8433929696013607
            ],
            [
                0.8012698914121507
            ],
            [
                0.10698976822452853
            ],
            [
                0.004989993612211294
            ],
            [
                0.0016690034773897853
            ],
            [
                0.0010743794344188927
            ]
        ]
    }
}