{
    "recall": {
        "CMSIS": [
            [
                0.2710843373493976,
                0.2532467532467532,
                0.25161290322580643
            ],
            [
                0.6746987951807228,
                0.5714285714285714,
                0.6193548387096774
            ],
            [
                0.9096385542168675,
                0.9155844155844156,
                0.9225806451612903
            ],
            [
                0.9457831325301205,
                0.948051948051948,
                0.9483870967741935
            ],
            [
                0.9457831325301205,
                0.9545454545454546,
                0.9612903225806452
            ],
            [
                0.9578313253012049,
                0.961038961038961,
                0.9548387096774194
            ],
            [
                0.9337349397590361,
                0.9545454545454546,
                0.9741935483870968
            ]
        ],
        "PRECISION": [
            [
                0.6325301204819277,
                0.6818181818181818,
                0.6516129032258065
            ],
            [
                0.8734939759036144,
                0.8961038961038961,
                0.864516129032258
            ],
            [
                0.963855421686747,
                0.9805194805194806,
                0.9548387096774194
            ],
            [
                0.9819277108433735,
                0.9935064935064936,
                0.9806451612903225
            ],
            [
                0.9939759036144579,
                1.0,
                0.9870967741935484
            ],
            [
                0.9879518072289156,
                0.9935064935064936,
                0.9806451612903225
            ],
            [
                0.9939759036144579,
                0.9935064935064936,
                0.9935483870967742
            ]
        ],
        "HashPipe": [
            [
                0.5240963855421686,
                0.45454545454545453,
                0.5483870967741935
            ],
            [
                0.608433734939759,
                0.5844155844155844,
                0.6
            ],
            [
                0.7590361445783133,
                0.7012987012987013,
                0.6967741935483871
            ],
            [
                0.8132530120481928,
                0.8246753246753247,
                0.8580645161290322
            ],
            [
                0.927710843373494,
                0.8831168831168831,
                0.9032258064516129
            ],
            [
                0.9397590361445783,
                0.987012987012987,
                0.9741935483870968
            ],
            [
                0.9759036144578314,
                1.0,
                0.9870967741935484
            ]
        ],
        "FCM+TopK": [
            [
                0.7108433734939759,
                0.6948051948051948,
                0.7032258064516129
            ],
            [
                0.7831325301204819,
                0.7402597402597403,
                0.7548387096774194
            ],
            [
                0.7771084337349398,
                0.7987012987012987,
                0.8129032258064516
            ],
            [
                0.8373493975903614,
                0.8506493506493507,
                0.8838709677419355
            ],
            [
                0.8855421686746988,
                0.935064935064935,
                0.9096774193548387
            ],
            [
                0.8433734939759037,
                0.935064935064935,
                0.9096774193548387
            ],
            [
                0.8734939759036144,
                0.935064935064935,
                0.9096774193548387
            ]
        ]
    }
}