{
    "recall": {
        "CMSIS": [
            [
                0.7073170731707317,
                0.48936170212765956,
                0.6410256410256411
            ],
            [
                0.975609756097561,
                0.9361702127659575,
                0.9487179487179487
            ],
            [
                1.0,
                1.0,
                1.0
            ],
            [
                0.9512195121951219,
                1.0,
                1.0
            ],
            [
                0.975609756097561,
                1.0,
                1.0
            ],
            [
                1.0,
                1.0,
                1.0
            ],
            [
                1.0,
                1.0,
                1.0
            ]
        ],
        "PRECISION": [
            [
                0.8780487804878049,
                0.8936170212765957,
                0.8717948717948718
            ],
            [
                1.0,
                0.9787234042553191,
                0.9487179487179487
            ],
            [
                1.0,
                1.0,
                1.0
            ],
            [
                1.0,
                1.0,
                0.9743589743589743
            ],
            [
                1.0,
                1.0,
                1.0
            ],
            [
                1.0,
                1.0,
                0.9487179487179487
            ],
            [
                1.0,
                1.0,
                0.9743589743589743
            ]
        ],
        "HashPipe": [
            [
                0.6341463414634146,
                0.5106382978723404,
                0.5641025641025641
            ],
            [
                0.8292682926829268,
                0.6808510638297872,
                0.6153846153846154
            ],
            [
                0.9024390243902439,
                0.8297872340425532,
                0.7435897435897436
            ],
            [
                0.926829268292683,
                0.8936170212765957,
                0.8205128205128205
            ],
            [
                0.975609756097561,
                0.9148936170212766,
                0.9230769230769231
            ],
            [
                0.975609756097561,
                0.9787234042553191,
                0.9487179487179487
            ],
            [
                1.0,
                1.0,
                1.0
            ]
        ],
        "FCM+TopK": [
            [
                0.7804878048780488,
                0.851063829787234,
                0.6666666666666666
            ],
            [
                0.8780487804878049,
                0.8297872340425532,
                0.7948717948717948
            ],
            [
                0.9024390243902439,
                0.851063829787234,
                0.8205128205128205
            ],
            [
                0.975609756097561,
                0.8936170212765957,
                0.9230769230769231
            ],
            [
                1.0,
                0.9148936170212766,
                0.9230769230769231
            ],
            [
                0.8780487804878049,
                0.9148936170212766,
                0.9230769230769231
            ],
            [
                1.0,
                0.9148936170212766,
                0.9230769230769231
            ]
        ]
    }
}