{
    "recall": {
        "CMS": [
            [
                1.0
            ],
            [
                1.0
            ],
            [
                1.0
            ],
            [
                1.0
            ],
            [
                1.0
            ],
            [
                1.0
            ],
            [
                1.0
            ]
        ],
        "CMSIS-M1": [
            [
                0.8115741850508451
            ],
            [
                0.971318104662825
            ],
            [
                0.9955671394852095
            ],
            [
                0.9972209358435511
            ],
            [
                0.9949954061984057
            ],
            [
                0.9953750798888041
            ],
            [
                0.9958499151152153
            ]
        ],
        "CMSIS-M2": [
            [
                0.5598640732068667
            ],
            [
                0.8757086842820163
            ],
            [
                0.9552825523129705
            ],
            [
                0.972001114431886
            ],
            [
                0.9751921516321974
            ],
            [
                0.9702607696984553
            ],
            [
                0.9685974571865124
            ]
        ],
        "PRECISION": [
            [
                0.8309860964828227
            ],
            [
                0.925697247532451
            ],
            [
                0.9749816154163911
            ],
            [
                0.9857226438542006
            ],
            [
                0.9939461287071583
            ],
            [
                0.9964650615115139
            ],
            [
                0.9966348935958579
            ]
        ],
        "HashPipe": [
            [
                0.6161300331683103
            ],
            [
                0.733400441896832
            ],
            [
                0.8027235370528806
            ],
            [
                0.8575998607446369
            ],
            [
                0.9078523757008005
            ],
            [
                0.9692353173216988
            ],
            [
                0.9815522763646598
            ]
        ],
        "FCM-Sketch": [
            [
                1.0
            ],
            [
                1.0
            ],
            [
                1.0
            ],
            [
                1.0
            ],
            [
                1.0
            ],
            [
                1.0
            ],
            [
                1.0
            ]
        ]
    },
    "precision": {
        "CMS": [
            [
                0.41105901759948404
            ],
            [
                0.7431582835750438
            ],
            [
                0.8887257318577468
            ],
            [
                0.951503727147404
            ],
            [
                0.9826849959202039
            ],
            [
                0.9930636615661169
            ],
            [
                0.997446690757967
            ]
        ],
        "CMSIS-M1": [
            [
                0.34683382097045123
            ],
            [
                0.5899753338270168
            ],
            [
                0.8585223471502507
            ],
            [
                0.9502194201837447
            ],
            [
                0.9846165816866778
            ],
            [
                0.9907886323484348
            ],
            [
                0.9977501806995736
            ]
        ],
        "CMSIS-M2": [
            [
                0.4420808656578054
            ],
            [
                0.6542701085550803
            ],
            [
                0.8668323251023269
            ],
            [
                0.9520383991613808
            ],
            [
                0.9821590222556276
            ],
            [
                0.9931915007381159
            ],
            [
                0.9977739765479735
            ]
        ],
        "PRECISION": [
            [
                0.9805806000750475
            ],
            [
                0.9894795755122503
            ],
            [
                0.9943957355817551
            ],
            [
                0.9970245294529149
            ],
            [
                0.9990336696418043
            ],
            [
                0.9997075933328492
            ],
            [
                0.9999204140642983
            ]
        ],
        "HashPipe": [
            [
                1.0
            ],
            [
                1.0
            ],
            [
                1.0
            ],
            [
                1.0
            ],
            [
                1.0
            ],
            [
                1.0
            ],
            [
                1.0
            ]
        ],
        "FCM-Sketch": [
            [
                0.14557447792275874
            ],
            [
                0.3135303133917392
            ],
            [
                0.7164286230407731
            ],
            [
                0.9060158606880475
            ],
            [
                0.9652258961758369
            ],
            [
                0.9918562992734921
            ],
            [
                0.9987802960895242
            ]
        ]
    },
    "mse": {
        "CMS": [
            [
                450267260.2180747
            ],
            [
                98813786.45136827
            ],
            [
                20255802.462080184
            ],
            [
                4947838.676037694
            ],
            [
                860376.0648785683
            ],
            [
                164650.69634129567
            ],
            [
                47078.00602166825
            ]
        ],
        "CMSIS-M1": [
            [
                9145053828.846895
            ],
            [
                276353502.21994483
            ],
            [
                32446978.359919
            ],
            [
                4912361.637899878
            ],
            [
                930809.9911311724
            ],
            [
                205475.0652154762
            ],
            [
                44655.87590614673
            ]
        ],
        "CMSIS-M2": [
            [
                9520537637.18892
            ],
            [
                273979388.2320081
            ],
            [
                33215748.76756272
            ],
            [
                5683368.492106671
            ],
            [
                1057388.881335099
            ],
            [
                225676.03163498617
            ],
            [
                62196.08766053479
            ]
        ],
        "PRECISION": [
            [
                49761224.175792776
            ],
            [
                24759284.651636627
            ],
            [
                7974442.825227386
            ],
            [
                2516757.5506922267
            ],
            [
                643951.8629720674
            ],
            [
                117688.65159186235
            ],
            [
                374132.66781303054
            ]
        ],
        "HashPipe": [
            [
                181049562.45211598
            ],
            [
                201654307.64279872
            ],
            [
                100591756.96335246
            ],
            [
                80747404.18535307
            ],
            [
                58067767.347402535
            ],
            [
                18649206.0286118
            ],
            [
                10472510.19353592
            ]
        ],