{
    "recall": {
        "CMS": [
            [
                1.0
            ],
            [
                1.0
            ],
            [
                1.0
            ],
            [
                1.0
            ],
            [
                1.0
            ],
            [
                1.0
            ],
            [
                1.0
            ]
        ],
        "CMSIS-M1": [
            [
                0.7937754164370469
            ],
            [
                0.999284521196039
            ],
            [
                0.999792624350331
            ],
            [
                0.9991967474835605
            ],
            [
                0.9991936302862949
            ],
            [
                0.9983646198766607
            ],
            [
                0.9978981887279194
            ]
        ],
        "CMSIS-M2": [
            [
                0.4973192923830957
            ],
            [
                0.9814416840477758
            ],
            [
                0.9840512703481203
            ],
            [
                0.9932048380870319
            ],
            [
                0.9923999449404525
            ],
            [
                0.9911909645904438
            ],
            [
                0.9959583076506356
            ]
        ],
        "PRECISION": [
            [
                0.888065219641821
            ],
            [
                0.9790609656519315
            ],
            [
                0.9848225305768341
            ],
            [
                0.9825824141839694
            ],
            [
                0.9968065134329054
            ],
            [
                0.9970905065101024
            ],
            [
                0.9967128334519235
            ]
        ],
        "HashPipe": [
            [
                0.5317804003432854
            ],
            [
                0.635308591865198
            ],
            [
                0.7733015007336078
            ],
            [
                0.8441038787941828
            ],
            [
                0.8964693475328778
            ],
            [
                0.9599561558001444
            ],
            [
                0.9858192133867545
            ]
        ],
        "FCM-Sketch": [
            [
                1.0
            ],
            [
                1.0
            ],
            [
                1.0
            ],
            [
                1.0
            ],
            [
                1.0
            ],
            [
                1.0
            ],
            [
                1.0
            ]
        ]
    },
    "precision": {
        "CMS": [
            [
                0.6289701605400261
            ],
            [
                0.8586152997917704
            ],
            [
                0.9476397699004975
            ],
            [
                0.9742022297640933
            ],
            [
                0.9906445556895329
            ],
            [
                0.9959161552057093
            ],
            [
                0.997628528237356
            ]
        ],
        "CMSIS-M1": [
            [
                0.16623988590409214
            ],
            [
                0.7255305513731918
            ],
            [
                0.9110611473953535
            ],
            [
                0.9743255632990866
            ],
            [
                0.9914350150856645
            ],
            [
                0.9961556688905313
            ],
            [
                0.9980535814789958
            ]
        ],
        "CMSIS-M2": [
            [
                0.21278773362359554
            ],
            [
                0.727660934761967
            ],
            [
                0.9225623882367454
            ],
            [
                0.9689622575674054
            ],
            [
                0.9904376651201555
            ],
            [
                0.9942708914481058
            ],
            [
                0.9980614480363345
            ]
        ],
        "PRECISION": [
            [
                0.9881972096188789
            ],
            [
                0.9908815382032765
            ],
            [
                0.9966272750411214
            ],
            [
                0.9981618590673064
            ],
            [
                0.9981399936521246
            ],
            [
                0.9996966770510364
            ],
            [
                0.9999935804815034
            ]
        ],
        "HashPipe": [
            [
                1.0
            ],
            [
                1.0
            ],
            [
                1.0
            ],
            [
                1.0
            ],
            [
                1.0
            ],
            [
                1.0
            ],
            [
                1.0
            ]
        ],
        "FCM-Sketch": [
            [
                0.09824482695097747
            ],
            [
                0.4434702677147274
            ],
            [
                0.8409440751582457
            ],
            [
                0.9600953350651708
            ],
            [
                0.9881712290868248
            ],
            [
                0.9970956848656128
            ],
            [
                0.9993322175754169
            ]
        ]
    },
    "mse": {
        "CMS": [
            [
                468027201.6009771
            ],
            [
                102135662.54910646
            ],
            [
                20736102.287666567
            ],
            [
                4708735.402939708
            ],
            [
                809756.7539475774
            ],
            [
                191181.56664884664
            ],
            [
                36631.28506827945
            ]
        ],
        "CMSIS-M1": [
            [
                9464828610.759207
            ],
            [
                294326289.8207174
            ],
            [
                34505024.86341436
            ],
            [
                5324661.595260233
            ],
            [
                1040528.7181669204
            ],
            [
                234534.05562796237
            ],
            [
                48029.382984756936
            ]
        ],
        "CMSIS-M2": [
            [
                9395643621.759672
            ],
            [
                288394839.5006811
            ],
            [
                33989193.94518517
            ],
            [
                5490712.606475137
            ],
            [
                1039800.5647913609
            ],
            [
                184745.351166795
            ],
            [
                35110.93932517871
            ]
        ],
        "PRECISION": [
            [
                54933779.2695958
            ],
            [
                21061186.47698143
            ],
            [
                8997833.710778024
            ],
            [
                7935914.960037449
            ],
            [
                905865.6509365008
            ],
            [
                159403.88970181425
            ],
            [
                57964.12939351582
            ]
        ],
        "HashPipe": [
            [
                374935648.95942986
            ],
            [
                323972188.4146689
            ],
            [
                251866870.65416187
            ],
            [
                142260579.22238153
            ],
            [
                82857653.52504341
            ],
            [
                37029725.46241834
            ],
            [
                9994701.79367215
            ]
        ],