{
    "recall": {
        "CMS": [
            [
                1.0
            ],
            [
                1.0
            ],
            [
                1.0
            ],
            [
                1.0
            ],
            [
                1.0
            ],
            [
                1.0
            ],
            [
                1.0
            ]
        ],
        "CMSIS-M1": [
            [
                0.7183613795980808
            ],
            [
                0.9552850983937139
            ],
            [
                0.99405900146026
            ],
            [
                0.9943125478061331
            ],
            [
                0.99644783047076
            ],
            [
                0.9955908838050205
            ],
            [
                0.9956208712885056
            ]
        ],
        "CMSIS-M2": [
            [
                0.4120102913566511
            ],
            [
                0.7861549961755093
            ],
            [
                0.9258496453654127
            ],
            [
                0.9418494889089771
            ],
            [
                0.9487088867255407
            ],
            [
                0.9489434844586607
            ],
            [
                0.9471291982476879
            ]
        ],
        "PRECISION": [
            [
                0.7823004311244003
            ],
            [
                0.9073186843752173
            ],
            [
                0.9785286141436618
            ],
            [
                0.9872042973367637
            ],
            [
                0.9932908003615882
            ],
            [
                0.9960926743620054
            ],
            [
                0.9970899102983103
            ]
        ],
        "HashPipe": [
            [
                0.42491907725471106
            ],
            [
                0.5563356164383562
            ],
            [
                0.6703851435922398
            ],
            [
                0.7572238543912106
            ],
            [
                0.8741919894304986
            ],
            [
                0.9617623079062652
            ],
            [
                0.973509057089215
            ]
        ],
        "FCM-Sketch": [
            [
                1.0
            ],
            [
                1.0
            ],
            [
                1.0
            ],
            [
                1.0
            ],
            [
                1.0
            ],
            [
                1.0
            ],
            [
                1.0
            ]
        ]
    },
    "precision": {
        "CMS": [
            [
                0.3382491197946326
            ],
            [
                0.6937939489622912
            ],
            [
                0.8828807784035857
            ],
            [
                0.9549159771383912
            ],
            [
                0.9798826300796576
            ],
            [
                0.9904836157989747
            ],
            [
                0.9965387757336468
            ]
        ],
        "CMSIS-M1": [
            [
                0.28364943656594555
            ],
            [
                0.5377099286537843
            ],
            [
                0.8539828863665011
            ],
            [
                0.9562072148823499
            ],
            [
                0.9771137218201321
            ],
            [
                0.9918597709506292
            ],
            [
                0.9970689647218149
            ]
        ],
        "CMSIS-M2": [
            [
                0.33226839031492306
            ],
            [
                0.6023683930280078
            ],
            [
                0.8579946263547689
            ],
            [
                0.9575427259585267
            ],
            [
                0.9856801159259674
            ],
            [
                0.994536129919478
            ],
            [
                0.9972587705249008
            ]
        ],
        "PRECISION": [
            [
                0.9736989494790778
            ],
            [
                0.9897692278079628
            ],
            [
                0.9944533696942918
            ],
            [
                0.9966644140426493
            ],
            [
                0.998933461587178
            ],
            [
                0.9998175701177235
            ],
            [
                0.9999698387313578
            ]
        ],
        "HashPipe": [
            [
                1.0
            ],
            [
                1.0
            ],
            [
                1.0
            ],
            [
                1.0
            ],
            [
                1.0
            ],
            [
                1.0
            ],
            [
                1.0
            ]
        ],
        "FCM-Sketch": [
            [
                0.11881138262367832
            ],
            [
                0.24990831648296402
            ],
            [
                0.6690578704701218
            ],
            [
                0.9053692833749669
            ],
            [
                0.9764975323168585
            ],
            [
                0.9944750999160149
            ],
            [
                0.9953469209850377
            ]
        ]
    },
    "mse": {
        "CMS": [
            [
                476913363.68127537
            ],
            [
                102894939.12031604
            ],
            [
                21533922.152260263
            ],
            [
                4107342.1144040916
            ],
            [
                922747.4969326445
            ],
            [
                212009.0970273198
            ],
            [
                39785.77243306225
            ]
        ],
        "CMSIS-M1": [
            [
                9427667977.69534
            ],
            [
                283843315.4868628
            ],
            [
                34085891.265743084
            ],
            [
                5429327.756270795
            ],
            [
                1159529.9573050635
            ],
            [
                196504.21389322972
            ],
            [
                40827.78387157668
            ]
        ],
        "CMSIS-M2": [
            [
                9441610651.121584
            ],
            [
                295377587.9402734
            ],
            [
                35318006.80675145
            ],
            [
                5968354.827987178
            ],
            [
                945352.7728721929
            ],
            [
                240460.3430250915
            ],
            [
                35502.20124105309
            ]
        ],
        "PRECISION": [
            [
                57318799.273239136
            ],
            [
                24125033.71328823
            ],
            [
                8444912.815681567
            ],
            [
                3669020.141824422
            ],
            [
                853410.9149466583
            ],
            [
                171052.35048975653
            ],
            [
                40748.727385381186
            ]
        ],
        "HashPipe": [
            [
                367025945.99449587
            ],
            [
                328924440.6878463
            ],
            [
                287141894.9667503
            ],
            [
                250668537.19755366
            ],
            [
                99963730.64075263
            ],
            [
                16656690.080424504
            ],
            [
                13347622.794499915
            ]
        ],