{
    "recall": {
        "CMS": [
            [
                1.0
            ],
            [
                1.0
            ],
            [
                1.0
            ],
            [
                1.0
            ],
            [
                1.0
            ],
            [
                1.0
            ],
            [
                1.0
            ]
        ],
        "CMSIS-M1": [
            [
                0.9840250309609639
            ],
            [
                0.9994655362093215
            ],
            [
                0.9993739378552587
            ],
            [
                0.9987603609383321
            ],
            [
                0.999182937879749
            ],
            [
                0.9991856990359003
            ],
            [
                0.998458314465433
            ]
        ],
        "CMSIS-M2": [
            [
                0.9004184232021633
            ],
            [
                0.9899437492466846
            ],
            [
                0.9935512597834966
            ],
            [
                0.9873459815093776
            ],
            [
                0.9869378106000545
            ],
            [
                0.9845358448489552
            ],
            [
                0.9864626516414954
            ]
        ],
        "PRECISION": [
            [
                0.9563905398468446
            ],
            [
                0.9758025480429166
            ],
            [
                0.9932071957169906
            ],
            [
                0.9973916678391576
            ],
            [
                0.9978796721763337
            ],
            [
                0.9976496558639033
            ],
            [
                0.9989690083031567
            ]
        ],
        "HashPipe": [
            [
                0.7906651072937261
            ],
            [
                0.8936720783726562
            ],
            [
                0.9104948424004099
            ],
            [
                0.9286799368631633
            ],
            [
                0.9434348350341255
            ],
            [
                0.9669026214656601
            ],
            [
                0.9894735123490909
            ]
        ],
        "FCM-Sketch": [
            [
                1.0
            ],
            [
                1.0
            ],
            [
                1.0
            ],
            [
                1.0
            ],
            [
                1.0
            ],
            [
                1.0
            ],
            [
                1.0
            ]
        ]
    },
    "precision": {
        "CMS": [
            [
                0.7199773959165886
            ],
            [
                0.8874882482848675
            ],
            [
                0.9548016187686565
            ],
            [
                0.9779687572461152
            ],
            [
                0.9932630937302581
            ],
            [
                0.9964826971236401
            ],
            [
                0.9984933615729645
            ]
        ],
        "CMSIS-M1": [
            [
                0.48809912358286145
            ],
            [
                0.8346631673619861
            ],
            [
                0.9293572189713427
            ],
            [
                0.9789796652260397
            ],
            [
                0.9942406457529466
            ],
            [
                0.9963236966486516
            ],
            [
                0.99897028133192
            ]
        ],
        "CMSIS-M2": [
            [
                0.5580228952958378
            ],
            [
                0.8482164476747093
            ],
            [
                0.9414424073254835
            ],
            [
                0.982089874827227
            ],
            [
                0.9939806473914385
            ],
            [
                0.9971063231702053
            ],
            [
                0.9991104513936343
            ]
        ],
        "PRECISION": [
            [
                0.9955509656986229
            ],
            [
                0.9953480609022085
            ],
            [
                0.9986154048193714
            ],
            [
                0.9993303810921849
            ],
            [
                0.999704256623948
            ],
            [
                0.9997854921211364
            ],
            [
                0.9999808926727005
            ]
        ],
        "HashPipe": [
            [
                1.0
            ],
            [
                1.0
            ],
            [
                1.0
            ],
            [
                1.0
            ],
            [
                1.0
            ],
            [
                1.0
            ],
            [
                1.0
            ]
        ],
        "FCM-Sketch": [
            [
                0.13527444483416196
            ],
            [
                0.5254030841170954
            ],
            [
                0.8834883019927754
            ],
            [
                0.9639655298912446
            ],
            [
                0.9855623649632999
            ],
            [
                0.9982911284772013
            ],
            [
                0.9995922355309014
            ]
        ]
    },
    "mse": {
        "CMS": [
            [
                439727641.77050054
            ],
            [
                96013512.62567358
            ],
            [
                20857030.878628623
            ],
            [
                4594806.199247159
            ],
            [
                837328.8207606315
            ],
            [
                237599.33535418398
            ],
            [
                40336.23744957
            ]
        ],
        "CMSIS-M1": [
            [
                1277445320.5013056
            ],
            [
                155349094.43333903
            ],
            [
                26104074.62070026
            ],
            [
                4763183.26542548
            ],
            [
                934736.5113160992
            ],
            [
                193967.25814743838
            ],
            [
                43718.856644874766
            ]
        ],
        "CMSIS-M2": [
            [
                1265479962.2080092
            ],
            [
                156796979.49826184
            ],
            [
                27931771.68584933
            ],
            [
                4912913.202414847
            ],
            [
                1039466.898654998
            ],
            [
                221941.7209633934
            ],
            [
                44358.564181766444
            ]
        ],
        "PRECISION": [
            [
                55329130.880876966
            ],
            [
                21316112.69263973
            ],
            [
                9109271.203524133
            ],
            [
                2679336.733570781
            ],
            [
                744998.6805360164
            ],
            [
                223611.7746470526
            ],
            [
                89512.60956580553
            ]
        ],
        "HashPipe": [
            [
                225532524.50638244
            ],
            [
                125239841.47007361
            ],
            [
                99050751.63124163
            ],
            [
                82222601.01478916
            ],
            [
                59203275.92120601
            ],
            [
                45116876.90863045
            ],
            [
                12546219.256949052
            ]
        ],