{
    "recall": {
        "CMSIS-M1(64)": [
            [
                0.9382440564395449
            ],
            [
                0.9797402351070165
            ],
            [
                0.9873181549999225
            ],
            [
                0.9870021803617887
            ],
            [
                0.991291775449181
            ],
            [
                0.9795396162891538
            ],
            [
                0.9825858306576558
            ]
        ],
        "CMSIS-M1(128)": [
            [
                0.9432175793151056
            ],
            [
                0.9925433633015291
            ],
            [
                0.9944588170602595
            ],
            [
                0.9937899356834308
            ],
            [
                0.9959940069687682
            ],
            [
                0.9935719906949345
            ],
            [
                0.9942623018091258
            ]
        ],
        "CMSIS-M1(256)": [
            [
                0.795569880549732
            ],
            [
                0.9975232695031128
            ],
            [
                0.9992440318181445
            ],
            [
                0.9990694022562322
            ],
            [
                0.997458980291025
            ],
            [
                0.9957099489607489
            ],
            [
                0.995419051674848
            ]
        ],
        "CMSIS-M2(64)": [
            [
                0.7030339948586869
            ],
            [
                0.8483540593849939
            ],
            [
                0.8893067434368009
            ],
            [
                0.8598914652195363
            ],
            [
                0.8928686393575821
            ],
            [
                0.8732663570449578
            ],
            [
                0.913568853746146
            ]
        ],
        "CMSIS-M2(128)": [
            [
                0.7383561294064328
            ],
            [
                0.9304563986916006
            ],
            [
                0.9681262293601992
            ],
            [
                0.9476644777937766
            ],
            [
                0.9472910532214367
            ],
            [
                0.9582357216395664
            ],
            [
                0.9607297783070873
            ]
        ],
        "CMSIS-M2(256)": [
            [
                0.47081360961584234
            ],
            [
                0.9655345989948997
            ],
            [
                0.9855413106062609
            ],
            [
                0.9873350252186973
            ],
            [
                0.9861997050903377
            ],
            [
                0.9864605095535594
            ],
            [
                0.9845218022500313
            ]
        ]
    },
    "precision": {
        "CMSIS-M1(64)": [
            [
                0.5937657439088927
            ],
            [
                0.8389054617985647
            ],
            [
                0.9447825350922967
            ],
            [
                0.9722797634233192
            ],
            [
                0.9897105591159174
            ],
            [
                0.9959736210753236
            ],
            [
                0.9987259995272898
            ]
        ],
        "CMSIS-M1(128)": [
            [
                0.4381686739638367
            ],
            [
                0.8256343133993858
            ],
            [
                0.9355556985372968
            ],
            [
                0.9732680973395806
            ],
            [
                0.9910748151172815
            ],
            [
                0.9964451801416624
            ],
            [
                0.9988827655012279
            ]
        ],
        "CMSIS-M1(256)": [
            [
                0.20723518753967637
            ],
            [
                0.7271963984901526
            ],
            [
                0.9321807452916824
            ],
            [
                0.9705431733591652
            ],
            [
                0.9871990534330201
            ],
            [
                0.9963732243673332
            ],
            [
                0.9984235900803708
            ]
        ],
        "CMSIS-M2(64)": [
            [
                0.6272461447588735
            ],
            [
                0.8561791558778907
            ],
            [
                0.9502493476426466
            ],
            [
                0.9768145067307543
            ],
            [
                0.9932197888031162
            ],
            [
                0.9839168135491868
            ],
            [
                0.9973389719651289
            ]
        ],
        "CMSIS-M2(128)": [
            [
                0.4934254547670557
            ],
            [
                0.8338492052303894
            ],
            [
                0.9386205561238428
            ],
            [
                0.9771971916343314
            ],
            [
                0.9918668912390053
            ],
            [
                0.9963651155392614
            ],
            [
                0.9992341256536608
            ]
        ],
        "CMSIS-M2(256)": [
            [
                0.2561362236566736
            ],
            [
                0.7457029075252247
            ],
            [
                0.9245426268522907
            ],
            [
                0.9746814020156754
            ],
            [
                0.9886722715656281
            ],
            [
                0.996433412258211
            ],
            [
                0.9988301393841047
            ]
        ]
    },
    "mse": {
        "CMSIS-M1(64)": [
            [
                59572764.302564286
            ],
            [
                10435619.773350356
            ],
            [
                1823494.9117085373
            ],
            [
                393120.8637119698
            ],
            [
                69533.74267382831
            ],
            [
                24779.994007811954
            ],
            [
                3377.218938370495
            ]
        ],
        "CMSIS-M1(128)": [
            [
                104819780.38067164
            ],
            [
                12929666.03170944
            ],
            [
                2053344.325432575
            ],
            [
                393207.95142311254
            ],
            [
                80090.77135045777
            ],
            [
                14869.978107721514
            ],
            [
                4307.795905378739
            ]
        ],
        "CMSIS-M1(256)": [
            [
                782267949.122618
            ],
            [
                23690125.524276357
            ],
            [
                2638615.8103181054
            ],
            [
                418058.36284348456
            ],
            [
                74340.22199548855
            ],
            [
                17917.40778039841
            ],
            [
                3202.1193829195795
            ]
        ],
        "CMSIS-M2(64)": [
            [
                61556138.42293049
            ],
            [
                10183344.426294854
            ],
            [
                1938391.520583609
            ],
            [
                361225.46215183043
            ],
            [
                74995.77596093326
            ],
            [
                20122.594614448306
            ],
            [
                12588.203710829122
            ]
        ],