{
    "recall": {
        "CMSIS-M1(128)": [
            [
                0.9170450970307699
            ],
            [
                0.9569941090143196
            ],
            [
                0.9660745538430816
            ],
            [
                0.964405880812568
            ],
            [
                0.964064657665346
            ],
            [
                0.9564720305344087
            ],
            [
                0.960466154620006
            ]
        ],
        "CMSIS-M1(256)": [
            [
                0.9444604576770262
            ],
            [
                0.988080974207392
            ],
            [
                0.9890707332741786
            ],
            [
                0.9892638340200184
            ],
            [
                0.9889028298207837
            ],
            [
                0.9863044473456654
            ],
            [
                0.9894964968698841
            ]
        ],
        "CMSIS-M1(512)": [
            [
                0.8521976277808863
            ],
            [
                0.9976046087967281
            ],
            [
                0.9972520821912131
            ],
            [
                0.9950318945914836
            ],
            [
                0.993522647420645
            ],
            [
                0.9937148062116271
            ],
            [
                0.993761432977086
            ]
        ],
        "CMSIS-M2(128)": [
            [
                0.6777899760931857
            ],
            [
                0.7745256786313772
            ],
            [
                0.8088705301887112
            ],
            [
                0.8169435542971039
            ],
            [
                0.8144631516679195
            ],
            [
                0.7994469783030118
            ],
            [
                0.8383374685151589
            ]
        ],
        "CMSIS-M2(256)": [
            [
                0.7679965185348457
            ],
            [
                0.9072661926749822
            ],
            [
                0.9149355891268267
            ],
            [
                0.9258179935984748
            ],
            [
                0.9213286367464125
            ],
            [
                0.9030664869416798
            ],
            [
                0.9149647897274171
            ]
        ],
        "CMSIS-M2(512)": [
            [
                0.5763781741523819
            ],
            [
                0.9661235354956849
            ],
            [
                0.968799629246568
            ],
            [
                0.9676438506361021
            ],
            [
                0.9685818021857121
            ],
            [
                0.9693638602063634
            ],
            [
                0.9666201811944365
            ]
        ]
    },
    "precision": {
        "CMSIS-M1(128)": [
            [
                0.7272592640456814
            ],
            [
                0.9017108894774761
            ],
            [
                0.9597202454309218
            ],
            [
                0.9853508822794157
            ],
            [
                0.99650313819371
            ],
            [
                0.9989959980116727
            ],
            [
                0.999448155535843
            ]
        ],
        "CMSIS-M1(256)": [
            [
                0.6036009813798494
            ],
            [
                0.8746901959002148
            ],
            [
                0.9555010828813745
            ],
            [
                0.9838726185120137
            ],
            [
                0.9946124107111348
            ],
            [
                0.9989312659215978
            ],
            [
                0.9995684752880737
            ]
        ],
        "CMSIS-M1(512)": [
            [
                0.3464505364705585
            ],
            [
                0.8243608080312751
            ],
            [
                0.9499514573124938
            ],
            [
                0.9818555934448324
            ],
            [
                0.9942594762004751
            ],
            [
                0.9982043289605002
            ],
            [
                0.9969665727658714
            ]
        ],
        "CMSIS-M2(128)": [
            [
                0.7821976825620361
            ],
            [
                0.9180853103905098
            ],
            [
                0.9716490310550081
            ],
            [
                0.9847624914131292
            ],
            [
                0.9973783768429728
            ],
            [
                0.999085036835434
            ],
            [
                0.999665560385726
            ]
        ],
        "CMSIS-M2(256)": [
            [
                0.6698332198900511
            ],
            [
                0.8937045326909966
            ],
            [
                0.9615062231350208
            ],
            [
                0.9892812711999178
            ],
            [
                0.9972014005231699
            ],
            [
                0.9990889333407671
            ],
            [
                0.9994199568787455
            ]
        ],
        "CMSIS-M2(512)": [
            [
                0.43525508906644284
            ],
            [
                0.8345104586578208
            ],
            [
                0.9532415341225582
            ],
            [
                0.9834626718210591
            ],
            [
                0.9969447431160372
            ],
            [
                0.999031400721729
            ],
            [
                0.999567516705763
            ]
        ]
    },
    "mse": {
        "CMSIS-M1(128)": [
            [
                12165087.900796223
            ],
            [
                1986548.3654974045
            ],
            [
                378193.1832145303
            ],
            [
                81977.3307347351
            ],
            [
                14444.593637286203
            ],
            [
                2711.251513269211
            ],
            [
                835.9743365715739
            ]
        ],
        "CMSIS-M1(256)": [
            [
                22841829.577588607
            ],
            [
                2662830.841244781
            ],
            [
                595159.874659884
            ],
            [
                97688.16650726604
            ],
            [
                16829.78507998594
            ],
            [
                3017.277869058385
            ],
            [
                1710.1892704132401
            ]
        ],
        "CMSIS-M1(512)": [
            [
                174570968.3905668
            ],
            [
                4796815.035884463
            ],
            [
                551263.93092323
            ],
            [
                101045.00463799547
            ],
            [
                18700.56267646468
            ],
            [
                4051.7490556573316
            ],
            [
                928.4200019737302
            ]
        ],
        "CMSIS-M2(128)": [
            [
                12574259.747762794
            ],
            [
                2221574.145792701
            ],
            [
                379657.02267882926
            ],
            [
                98703.73348634757
            ],
            [
                14637.405480620711
            ],
            [
                3146.5176527648737
            ],
            [
                630.3235058046025
            ]
        ],