{
    "recall": {
        "CMS": [
            [
                1.0
            ],
            [
                1.0
            ],
            [
                1.0
            ],
            [
                1.0
            ],
            [
                1.0
            ],
            [
                1.0
            ],
            [
                1.0
            ]
        ],
        "CMSIS-M1": [
            [
                0.7240587263990983
            ],
            [
                0.9574005750507045
            ],
            [
                0.9902153150581676
            ],
            [
                0.9897000776200755
            ],
            [
                0.9914924434523736
            ],
            [
                0.9897102384241134
            ],
            [
                0.9887392042515514
            ]
        ],
        "CMSIS-M2": [
            [
                0.40956397534345423
            ],
            [
                0.8041878431229434
            ],
            [
                0.9400276323065813
            ],
            [
                0.9339145539038698
            ],
            [
                0.947441716992988
            ],
            [
                0.948022491617125
            ],
            [
                0.9472545041785884
            ]
        ],
        "2W-PRECISION": [
            [
                0.7926670154644897
            ],
            [
                0.91505203728778
            ],
            [
                0.9678833919033125
            ],
            [
                0.9895514758610202
            ],
            [
                0.9926834590323579
            ],
            [
                0.9952349215996594
            ],
            [
                0.99630900325984
            ]
        ],
        "2W-HashPipe": [
            [
                0.4488248987793403
            ],
            [
                0.5309212318383036
            ],
            [
                0.704787999480783
            ],
            [
                0.7913874315426412
            ],
            [
                0.9181101006097414
            ],
            [
                0.8993146453003021
            ],
            [
                0.9727830162837893
            ]
        ]
    },
    "precision": {
        "CMS": [
            [
                0.3412529227688042
            ],
            [
                0.7135440207727352
            ],
            [
                0.8749216669495385
            ],
            [
                0.9517593029338384
            ],
            [
                0.9815520306753891
            ],
            [
                0.9932914225264181
            ],
            [
                0.9965527634849618
            ]
        ],
        "CMSIS-M1": [
            [
                0.2903497528298344
            ],
            [
                0.5485240382091829
            ],
            [
                0.8641287577623229
            ],
            [
                0.950154865756727
            ],
            [
                0.9818617903896627
            ],
            [
                0.9935925395082245
            ],
            [
                0.9976499845701743
            ]
        ],
        "CMSIS-M2": [
            [
                0.33734159739940106
            ],
            [
                0.6248663178479481
            ],
            [
                0.8639908640468975
            ],
            [
                0.9481676298684804
            ],
            [
                0.9815447804321425
            ],
            [
                0.9943315562256922
            ],
            [
                0.9985143440108071
            ]
        ],
        "2W-PRECISION": [
            [
                0.9734098033407051
            ],
            [
                0.9889921690324907
            ],
            [
                0.9940726746544706
            ],
            [
                0.9972494915062168
            ],
            [
                0.9994042113028677
            ],
            [
                0.9997222099128533
            ],
            [
                0.9999181641647251
            ]
        ],
        "2W-HashPipe": [
            [
                1.0
            ],
            [
                1.0
            ],
            [
                1.0
            ],
            [
                1.0
            ],
            [
                1.0
            ],
            [
                1.0
            ],
            [
                1.0
            ]
        ]
    },
    "mse": {
        "CMS": [
            [
                469375594.1297462
            ],
            [
                102036697.94128086
            ],
            [
                22508018.388344333
            ],
            [
                5003818.139942942
            ],
            [
                933520.880578576
            ],
            [
                218397.65790485602
            ],
            [
                38607.814973822155
            ]
        ],
        "CMSIS-M1": [
            [
                9496106159.387695
            ],
            [
                281457232.5309959
            ],
            [
                32395314.143387206
            ],
            [
                6207645.574933671
            ],
            [
                1139674.750162131
            ],
            [
                224579.85820312178
            ],
            [
                39470.737327321855
            ]
        ],
        "CMSIS-M2": [
            [
                9443195929.92575
            ],
            [
                279021428.8055888
            ],
            [
                36817292.739956744
            ],
            [
                5468369.176310412
            ],
            [
                1089055.8917285374
            ],
            [
                192649.53566731498
            ],
            [
                45663.211774298135
            ]
        ],
        "2W-PRECISION": [
            [
                51882487.126952685
            ],
            [
                21198785.41100782
            ],
            [
                8651619.327371627
            ],
            [
                3266956.611418276
            ],
            [
                752448.1163055301
            ],
            [
                269722.498806817
            ],
            [
                38026.81688651405
            ]
        ],
        "2W-HashPipe": [
            [
                333575769.8397287
            ],
            [
                339665862.7354679
            ],
            [
                265578326.9855749
            ],
            [
                150832335.3718423
            ],
            [
                43469652.01206246
            ],
            [
                161231134.71814528
            ],
            [
                16881849.064660907
            ]
        ]
    },
    "fnr": {
        "CMS": [
            [
                0.0
            ],
            [
                0.0
            ],
            [
                0.0
            ],
            [
                0.0
            ],
            [
                0.0
            ],
            [
                0.0
            ],
            [
                0.0
            ]
        ],
        "CMSIS-M1": [
            [
                0.045638252279639725
            ],
            [
                0.006269594468822524
            ],
            [
                0.0013233086123264712
            ],
            [
                0.001373616275799627
            ],
            [
                0.0011297901076556445
            ],
            [
                0.0013639797071947279
            ],
            [
                0.0014917035535893697
            ]
        ],