{
    "recall": {
        "CMS": [
            [
                1.0
            ],
            [
                1.0
            ],
            [
                1.0
            ],
            [
                1.0
            ],
            [
                1.0
            ],
            [
                1.0
            ],
            [
                1.0
            ]
        ],
        "CMSIS-M1": [
            [
                0.5482064913563258
            ],
            [
                0.9453799167168373
            ],
            [
                0.970702083512514
            ],
            [
                0.9744281449786417
            ],
            [
                0.9808377949313379
            ],
            [
                0.9807235672715805
            ],
            [
                0.9851980662825034
            ]
        ],
        "CMSIS-M2": [
            [
                0.22279867621341132
            ],
            [
                0.7272687852985866
            ],
            [
                0.8084416480318798
            ],
            [
                0.8276676414093632
            ],
            [
                0.8669506679854362
            ],
            [
                0.8669712737593532
            ],
            [
                0.8750833189988819
            ]
        ],
        "2W-PRECISION": [
            [
                0.8256994316390012
            ],
            [
                0.9240389646225738
            ],
            [
                0.968354369140793
            ],
            [
                0.9932031406783063
            ],
            [
                0.993873813824145
            ],
            [
                0.9958483845073249
            ],
            [
                0.9974692526017029
            ]
        ],
        "2W-HashPipe": [
            [
                0.5522407435279952
            ],
            [
                0.7242756622516556
            ],
            [
                0.7922659363263668
            ],
            [
                0.8543094736389438
            ],
            [
                0.9144762728992861
            ],
            [
                0.9575271996215705
            ],
            [
                0.990967593388951
            ]
        ]
    },
    "precision": {
        "CMS": [
            [
                0.3327617037366319
            ],
            [
                0.7220063978427366
            ],
            [
                0.875334722648966
            ],
            [
                0.9456100868057983
            ],
            [
                0.9743626093481518
            ],
            [
                0.9918518634366056
            ],
            [
                0.9968991587564804
            ]
        ],
        "CMSIS-M1": [
            [
                0.32022402672553996
            ],
            [
                0.6850233825445043
            ],
            [
                0.8692699652754099
            ],
            [
                0.9467787336733494
            ],
            [
                0.9813545879443624
            ],
            [
                0.9934469350390953
            ],
            [
                0.9955678511864119
            ]
        ],
        "CMSIS-M2": [
            [
                0.35049768661415814
            ],
            [
                0.7303585341934555
            ],
            [
                0.8913832057533672
            ],
            [
                0.9486786688291617
            ],
            [
                0.9827599199316718
            ],
            [
                0.9890207869802106
            ],
            [
                0.9949816005602597
            ]
        ],
        "2W-PRECISION": [
            [
                0.9867239019334836
            ],
            [
                0.9950648337519294
            ],
            [
                0.9933500002251621
            ],
            [
                0.9967906124109268
            ],
            [
                0.9988286191481603
            ],
            [
                0.9994575427143527
            ],
            [
                0.9998742711317897
            ]
        ],
        "2W-HashPipe": [
            [
                1.0
            ],
            [
                1.0
            ],
            [
                1.0
            ],
            [
                1.0
            ],
            [
                1.0
            ],
            [
                1.0
            ],
            [
                1.0
            ]
        ]
    },
    "mse": {
        "CMS": [
            [
                614638762.2564371
            ],
            [
                133277439.3234609
            ],
            [
                29535590.285842
            ],
            [
                5980909.046841216
            ],
            [
                1310440.5285271914
            ],
            [
                265959.36518498027
            ],
            [
                69608.10869625749
            ]
        ],
        "CMSIS-M1": [
            [
                1675481293.9335353
            ],
            [
                208547074.3993152
            ],
            [
                36727691.50891778
            ],
            [
                7032904.680268758
            ],
            [
                1353128.9845534298
            ],
            [
                292950.1297456297
            ],
            [
                63192.952704808384
            ]
        ],
        "CMSIS-M2": [
            [
                1697250048.2443671
            ],
            [
                213682813.84966436
            ],
            [
                36372858.028346755
            ],
            [
                8195499.979115315
            ],
            [
                1404532.392026726
            ],
            [
                288195.06717030244
            ],
            [
                60946.04599995825
            ]
        ],
        "2W-PRECISION": [
            [
                47655553.659417965
            ],
            [
                17979138.300998073
            ],
            [
                7118874.448695706
            ],
            [
                2534714.173059676
            ],
            [
                708395.8227370639
            ],
            [
                189938.15957938222
            ],
            [
                46700.01120818067
            ]
        ],
        "2W-HashPipe": [
            [
                398910171.4756974
            ],
            [
                165088966.97271007
            ],
            [
                125982109.59974205
            ],
            [
                87752939.04896428
            ],
            [
                53864448.07912864
            ],
            [
                39268611.29554672
            ],
            [
                4387302.291225462
            ]
        ]
    },
    "fnr": {
        "CMS": [
            [
                0.0
            ],
            [
                0.0
            ],
            [
                0.0
            ],
            [
                0.0
            ],
            [
                0.0
            ],
            [
                0.0
            ],
            [
                0.0
            ]
        ],
        "CMSIS-M1": [
            [
                0.05419567083577854
            ],
            [
                0.006301190356680148
            ],
            [
                0.003280254105267789
            ],
            [
                0.0028353055705279766
            ],
            [
                0.0021176485148208515
            ],
            [
                0.002127384810959699
            ],
            [
                0.0016340015853033574
            ]
        ],