{
    "recall": {
        "CMS": [
            [
                1.0
            ],
            [
                1.0
            ],
            [
                1.0
            ],
            [
                1.0
            ],
            [
                1.0
            ],
            [
                1.0
            ],
            [
                1.0
            ]
        ],
        "CMSIS-M1": [
            [
                0.9517834641545605
            ],
            [
                0.9930618197745833
            ],
            [
                0.9935994934314307
            ],
            [
                0.9931284735336966
            ],
            [
                0.9931216494583589
            ],
            [
                0.9933812817200479
            ],
            [
                0.9927374381468985
            ]
        ],
        "CMSIS-M2": [
            [
                0.8089909573066802
            ],
            [
                0.9549125407460778
            ],
            [
                0.9667216824678395
            ],
            [
                0.9646835057338102
            ],
            [
                0.9614181063349637
            ],
            [
                0.9756405902349069
            ],
            [
                0.9662344752286065
            ]
        ],
        "2W-PRECISION": [
            [
                0.9165764724926284
            ],
            [
                0.9512053221439658
            ],
            [
                0.9898499020824538
            ],
            [
                0.9907555997092626
            ],
            [
                0.9920361453813706
            ],
            [
                0.9964684616629795
            ],
            [
                0.9979048501718715
            ]
        ],
        "2W-HashPipe": [
            [
                0.5518709075385402
            ],
            [
                0.6667181910804575
            ],
            [
                0.7669430681677516
            ],
            [
                0.8624613963645136
            ],
            [
                0.9317116367941446
            ],
            [
                0.9924386071268738
            ],
            [
                0.9972233948346511
            ]
        ]
    },
    "precision": {
        "CMS": [
            [
                0.6390707155080445
            ],
            [
                0.8468248067866183
            ],
            [
                0.9303162669591133
            ],
            [
                0.9736081219660789
            ],
            [
                0.989397440155007
            ],
            [
                0.9945929871725503
            ],
            [
                0.9983865710999599
            ]
        ],
        "CMSIS-M1": [
            [
                0.4070345602878929
            ],
            [
                0.8174383244025843
            ],
            [
                0.9265019779340341
            ],
            [
                0.9759178546877709
            ],
            [
                0.9897250367516521
            ],
            [
                0.9958598605019746
            ],
            [
                0.9983502489868004
            ]
        ],
        "CMSIS-M2": [
            [
                0.4927518272192744
            ],
            [
                0.8233666395728482
            ],
            [
                0.9406126440405884
            ],
            [
                0.9777029008199847
            ],
            [
                0.9919596686605392
            ],
            [
                0.9957903790505392
            ],
            [
                0.9978242243349921
            ]
        ],
        "2W-PRECISION": [
            [
                0.9885175155469156
            ],
            [
                0.995698915799852
            ],
            [
                0.9944967749969427
            ],
            [
                0.9992216500059541
            ],
            [
                0.9983854396007632
            ],
            [
                0.9994424167564668
            ],
            [
                0.9999459318314893
            ]
        ],
        "2W-HashPipe": [
            [
                1.0
            ],
            [
                1.0
            ],
            [
                1.0
            ],
            [
                1.0
            ],
            [
                1.0
            ],
            [
                1.0
            ],
            [
                1.0
            ]
        ]
    },
    "mse": {
        "CMS": [
            [
                466583387.44508505
            ],
            [
                99900436.20305261
            ],
            [
                20575236.325270385
            ],
            [
                4628776.968814023
            ],
            [
                924899.6572960916
            ],
            [
                192847.29070895122
            ],
            [
                46720.857965094954
            ]
        ],
        "CMSIS-M1": [
            [
                1316557185.0536413
            ],
            [
                161010524.65133414
            ],
            [
                26736274.565089017
            ],
            [
                5143937.6989529785
            ],
            [
                911182.7585107879
            ],
            [
                242262.04874130583
            ],
            [
                43456.200221346015
            ]
        ],
        "CMSIS-M2": [
            [
                1299755224.1104493
            ],
            [
                161179374.91266748
            ],
            [
                25828386.850197043
            ],
            [
                5713483.788027771
            ],
            [
                961865.7206280843
            ],
            [
                190402.17571908777
            ],
            [
                36734.03642955706
            ]
        ],
        "2W-PRECISION": [
            [
                57068519.23514773
            ],
            [
                27567380.29410981
            ],
            [
                8530734.258833345
            ],
            [
                2765908.3670089
            ],
            [
                878696.9933893741
            ],
            [
                172842.41839648085
            ],
            [
                36952.56630739755
            ]
        ],
        "2W-HashPipe": [
            [
                364567675.35126996
            ],
            [
                318861881.1877735
            ],
            [
                249633019.9433068
            ],
            [
                106997796.62644176
            ],
            [
                62662414.685884915
            ],
            [
                13393770.591560977
            ],
            [
                5006149.641307762
            ]
        ]
    },
    "fnr": {
        "CMS": [
            [
                0.0
            ],
            [
                0.0
            ],
            [
                0.0
            ],
            [
                0.0
            ],
            [
                0.0
            ],
            [
                0.0
            ],
            [
                0.0
            ]
        ],
        "CMSIS-M1": [
            [
                0.003527738705243041
            ],
            [
                0.000469071051984776
            ],
            [
                0.0004285934976061473
            ],
            [
                0.00045845228883250184
            ],
            [
                0.0004584731167536033
            ],
            [
                0.0004409934184063839
            ],
            [
                0.0004837905737281749
            ]
        ],