{
    "recall": {
        "CMS": [
            [
                1.0
            ],
            [
                1.0
            ],
            [
                1.0
            ],
            [
                1.0
            ],
            [
                1.0
            ],
            [
                1.0
            ],
            [
                1.0
            ]
        ],
        "CMSIS-M1": [
            [
                0.9661034368135896
            ],
            [
                0.995072663098127
            ],
            [
                0.9956399021568949
            ],
            [
                0.9958735221542121
            ],
            [
                0.995542156104605
            ],
            [
                0.9959669354914182
            ],
            [
                0.9957832283718662
            ]
        ],
        "CMSIS-M2": [
            [
                0.7737327934885878
            ],
            [
                0.9467030984458724
            ],
            [
                0.9795601566293833
            ],
            [
                0.9773390335688367
            ],
            [
                0.9780310548220172
            ],
            [
                0.9761565489681726
            ],
            [
                0.9735544935974603
            ]
        ],
        "2W-PRECISION": [
            [
                0.9433034768825387
            ],
            [
                0.9675607888591684
            ],
            [
                0.9920832629989251
            ],
            [
                0.9954892969805829
            ],
            [
                0.9932092489948967
            ],
            [
                0.9991904755137474
            ],
            [
                0.998841258677995
            ]
        ],
        "2W-HashPipe": [
            [
                0.6479513016689272
            ],
            [
                0.8009654675675479
            ],
            [
                0.9162760001899463
            ],
            [
                0.9284651408808305
            ],
            [
                0.9141621551548738
            ],
            [
                0.9591144207662528
            ],
            [
                0.9823174965086982
            ]
        ]
    },
    "precision": {
        "CMS": [
            [
                0.5983244790089102
            ],
            [
                0.8168701791661264
            ],
            [
                0.9077623019126231
            ],
            [
                0.9636360235505764
            ],
            [
                0.979254924655779
            ],
            [
                0.9906675525933099
            ],
            [
                0.9941247261659966
            ]
        ],
        "CMSIS-M1": [
            [
                0.4142339282546859
            ],
            [
                0.7745560647054444
            ],
            [
                0.9153211441259377
            ],
            [
                0.957667590128343
            ],
            [
                0.9842179560393205
            ],
            [
                0.9907602557557896
            ],
            [
                0.9973944287992518
            ]
        ],
        "CMSIS-M2": [
            [
                0.4602056642505031
            ],
            [
                0.7802033188714969
            ],
            [
                0.9141721128510543
            ],
            [
                0.9713764875620794
            ],
            [
                0.9792589356007885
            ],
            [
                0.9899908988997477
            ],
            [
                0.9971923984578783
            ]
        ],
        "2W-PRECISION": [
            [
                0.9936123366916135
            ],
            [
                0.9989688011808238
            ],
            [
                0.9994493261316226
            ],
            [
                0.9997692047816731
            ],
            [
                0.999624630844844
            ],
            [
                0.9996754088383468
            ],
            [
                0.9999607883553213
            ]
        ],
        "2W-HashPipe": [
            [
                1.0
            ],
            [
                1.0
            ],
            [
                1.0
            ],
            [
                1.0
            ],
            [
                1.0
            ],
            [
                1.0
            ],
            [
                1.0
            ]
        ]
    },
    "mse": {
        "CMS": [
            [
                610166440.0743909
            ],
            [
                134470693.52627772
            ],
            [
                28928114.55442881
            ],
            [
                6037970.529399469
            ],
            [
                1343307.7341665542
            ],
            [
                253850.60563643128
            ],
            [
                76344.46031408483
            ]
        ],
        "CMSIS-M1": [
            [
                1667530491.8525925
            ],
            [
                211724895.788241
            ],
            [
                35677688.64109168
            ],
            [
                6719724.297379539
            ],
            [
                1506438.7051289007
            ],
            [
                741645.1765724025
            ],
            [
                53635.471759127446
            ]
        ],
        "CMSIS-M2": [
            [
                1699270692.117759
            ],
            [
                215187446.71214348
            ],
            [
                36190165.86621898
            ],
            [
                6528387.639615365
            ],
            [
                1376925.7566289578
            ],
            [
                287070.54892236245
            ],
            [
                54762.570702693454
            ]
        ],
        "2W-PRECISION": [
            [
                41890511.96436298
            ],
            [
                16323027.839129824
            ],
            [
                7286628.333357918
            ],
            [
                2183948.097112616
            ],
            [
                1432923.852427911
            ],
            [
                188103.6185637021
            ],
            [
                62569.276286175394
            ]
        ],
        "2W-HashPipe": [
            [
                339520119.80791605
            ],
            [
                195919333.82723984
            ],
            [
                105189231.86353621
            ],
            [
                82949190.82956521
            ],
            [
                92778929.01864314
            ],
            [
                30439965.14436971
            ],
            [
                13069753.922204835
            ]
        ]
    },
    "fnr": {
        "CMS": [
            [
                0.0
            ],
            [
                0.0
            ],
            [
                0.0
            ],
            [
                0.0
            ],
            [
                0.0
            ],
            [
                0.0
            ],
            [
                0.0
            ]
        ],
        "CMSIS-M1": [
            [
                0.001981593475315871
            ],
            [
                0.0002714296454616731
            ],
            [
                0.00023760458537749573
            ],
            [
                0.0002242884981975626
            ],
            [
                0.0002419260996934173
            ],
            [
                0.00021879920596319273
            ],
            [
                0.0002286803270086382
            ]
        ],