{
    "recall": {
        "CMS": [
            [
                1.0
            ],
            [
                1.0
            ],
            [
                1.0
            ],
            [
                1.0
            ],
            [
                1.0
            ],
            [
                1.0
            ],
            [
                1.0
            ]
        ],
        "CMSIS-M1": [
            [
                0.8113368797087439
            ],
            [
                0.969269057246009
            ],
            [
                0.9933894111745282
            ],
            [
                0.993555181208895
            ],
            [
                0.9930888682030555
            ],
            [
                0.9936012359770353
            ],
            [
                0.9909421326925367
            ]
        ],
        "CMSIS-M2": [
            [
                0.5623061324874269
            ],
            [
                0.8678864374880115
            ],
            [
                0.95268825547794
            ],
            [
                0.9622049747831491
            ],
            [
                0.9618711964119876
            ],
            [
                0.9603572900424844
            ],
            [
                0.9654837487034803
            ]
        ],
        "2W-PRECISION": [
            [
                0.8094194006287324
            ],
            [
                0.929211379583806
            ],
            [
                0.9727007818322554
            ],
            [
                0.9896085114095092
            ],
            [
                0.9937847767761336
            ],
            [
                0.9938669156925077
            ],
            [
                0.9964809137917141
            ]
        ],
        "2W-HashPipe": [
            [
                0.6330966520693174
            ],
            [
                0.7344071713581938
            ],
            [
                0.7927197653499389
            ],
            [
                0.8408265141980271
            ],
            [
                0.9366681145544191
            ],
            [
                0.9719360963300251
            ],
            [
                0.9884819670147476
            ]
        ]
    },
    "precision": {
        "CMS": [
            [
                0.41588912328401106
            ],
            [
                0.7286988657046611
            ],
            [
                0.8827193856122159
            ],
            [
                0.9593163707867325
            ],
            [
                0.9807680973214024
            ],
            [
                0.9909731493235407
            ],
            [
                0.9971136872579339
            ]
        ],
        "CMSIS-M1": [
            [
                0.3516523975829468
            ],
            [
                0.5957852052383024
            ],
            [
                0.8641596111514401
            ],
            [
                0.9426582873377402
            ],
            [
                0.9795089778592945
            ],
            [
                0.9932282865134181
            ],
            [
                0.9972304412154578
            ]
        ],
        "CMSIS-M2": [
            [
                0.44885453059392927
            ],
            [
                0.6593840734064623
            ],
            [
                0.8681453796877929
            ],
            [
                0.943477071547567
            ],
            [
                0.9849896636718647
            ],
            [
                0.9949886030828597
            ],
            [
                0.9978958874393019
            ]
        ],
        "2W-PRECISION": [
            [
                0.979737333924888
            ],
            [
                0.9876821417983705
            ],
            [
                0.9933579806609866
            ],
            [
                0.9965620578173722
            ],
            [
                0.9991858082539226
            ],
            [
                0.9994602616349837
            ],
            [
                0.9997893093409118
            ]
        ],
        "2W-HashPipe": [
            [
                1.0
            ],
            [
                1.0
            ],
            [
                1.0
            ],
            [
                1.0
            ],
            [
                1.0
            ],
            [
                1.0
            ],
            [
                1.0
            ]
        ]
    },
    "mse": {
        "CMS": [
            [
                452659990.08943355
            ],
            [
                98292377.61100088
            ],
            [
                21675272.001934137
            ],
            [
                4056718.7729023583
            ],
            [
                1154856.7723923482
            ],
            [
                184130.18314071812
            ],
            [
                40954.198929444654
            ]
        ],
        "CMSIS-M1": [
            [
                9204564280.659134
            ],
            [
                274465715.66897786
            ],
            [
                32100197.78817677
            ],
            [
                7184999.618455578
            ],
            [
                1038102.5172009147
            ],
            [
                325151.0699229184
            ],
            [
                62860.043841363826
            ]
        ],
        "CMSIS-M2": [
            [
                9314604345.292944
            ],
            [
                295200716.0540741
            ],
            [
                31940529.431195017
            ],
            [
                5286026.028112985
            ],
            [
                1865395.3028206285
            ],
            [
                219612.22112293245
            ],
            [
                43099.26762563142
            ]
        ],
        "2W-PRECISION": [
            [
                50129665.305529974
            ],
            [
                23203024.92464236
            ],
            [
                8238572.812812943
            ],
            [
                2871000.389217795
            ],
            [
                731263.66988283
            ],
            [
                393205.71129085316
            ],
            [
                46838.08018950001
            ]
        ],
        "2W-HashPipe": [
            [
                231998662.74886185
            ],
            [
                144340724.20071408
            ],
            [
                112975962.05272523
            ],
            [
                93012218.78070696
            ],
            [
                29361693.903272692
            ],
            [
                12194367.364255859
            ],
            [
                3974917.1076251776
            ]
        ]
    },
    "fnr": {
        "CMS": [
            [
                0.0
            ],
            [
                0.0
            ],
            [
                0.0
            ],
            [
                0.0
            ],
            [
                0.0
            ],
            [
                0.0
            ],
            [
                0.0
            ]
        ],
        "CMSIS-M1": [
            [
                0.040108104659901
            ],
            [
                0.005707614019030579
            ],
            [
                0.001127791589964777
            ],
            [
                0.0010818745680651254
            ],
            [
                0.0011523903943482803
            ],
            [
                0.0010645617625357538
            ],
            [
                0.001505283308491945
            ]
        ],