{
    "recall": {
        "CMS": [
            [
                1.0
            ],
            [
                1.0
            ],
            [
                1.0
            ],
            [
                1.0
            ],
            [
                1.0
            ],
            [
                1.0
            ],
            [
                1.0
            ]
        ],
        "CMSIS-M1": [
            [
                0.9827357182032773
            ],
            [
                0.9962851785554347
            ],
            [
                0.9965668038337843
            ],
            [
                0.9959702427602911
            ],
            [
                0.996071688425073
            ],
            [
                0.9952830677634912
            ],
            [
                0.9958750864937851
            ]
        ],
        "CMSIS-M2": [
            [
                0.901191573091485
            ],
            [
                0.9846664470036084
            ],
            [
                0.9790727260593182
            ],
            [
                0.986240543627634
            ],
            [
                0.9785008566975744
            ],
            [
                0.9836920561522137
            ],
            [
                0.987338160097099
            ]
        ],
        "2W-PRECISION": [
            [
                0.9419446609822153
            ],
            [
                0.9796659094929965
            ],
            [
                0.9891829337876609
            ],
            [
                0.9941677478025832
            ],
            [
                0.9957311291554725
            ],
            [
                0.9974248408170767
            ],
            [
                0.9977263825232996
            ]
        ],
        "2W-HashPipe": [
            [
                0.8250623669544765
            ],
            [
                0.8672755270078991
            ],
            [
                0.9137835307913216
            ],
            [
                0.9332415314125744
            ],
            [
                0.9635066982673989
            ],
            [
                0.9926462957715327
            ],
            [
                0.997908309191944
            ]
        ]
    },
    "precision": {
        "CMS": [
            [
                0.7073604687594873
            ],
            [
                0.8868599069744381
            ],
            [
                0.9645114032696125
            ],
            [
                0.9783063776781606
            ],
            [
                0.9933821014648025
            ],
            [
                0.9972060177471764
            ],
            [
                0.9988694209068715
            ]
        ],
        "CMSIS-M1": [
            [
                0.4913717507575582
            ],
            [
                0.8530268706024123
            ],
            [
                0.9594651646662857
            ],
            [
                0.9807597951791448
            ],
            [
                0.9898106372003291
            ],
            [
                0.9965949332765764
            ],
            [
                0.9992575507659743
            ]
        ],
        "CMSIS-M2": [
            [
                0.5594315394937763
            ],
            [
                0.8604239923058525
            ],
            [
                0.9546356599464821
            ],
            [
                0.9752264378783682
            ],
            [
                0.9927143573880773
            ],
            [
                0.9970820166184684
            ],
            [
                0.9986277233342282
            ]
        ],
        "2W-PRECISION": [
            [
                0.9949908564522051
            ],
            [
                0.9977929739583976
            ],
            [
                0.9967400871751178
            ],
            [
                0.999729448383905
            ],
            [
                0.9994046281655651
            ],
            [
                0.9997103749506202
            ],
            [
                0.999995797530629
            ]
        ],
        "2W-HashPipe": [
            [
                1.0
            ],
            [
                1.0
            ],
            [
                1.0
            ],
            [
                1.0
            ],
            [
                1.0
            ],
            [
                1.0
            ],
            [
                1.0
            ]
        ]
    },
    "mse": {
        "CMS": [
            [
                448792499.0673198
            ],
            [
                96350450.14012113
            ],
            [
                20517755.095479634
            ],
            [
                4141493.622450536
            ],
            [
                838842.4771179722
            ],
            [
                532998.5885411293
            ],
            [
                41509.388268348506
            ]
        ],
        "CMSIS-M1": [
            [
                1281826208.6711466
            ],
            [
                161595517.46163207
            ],
            [
                25078592.598570798
            ],
            [
                4477168.234579792
            ],
            [
                993353.6287813954
            ],
            [
                284600.0349106884
            ],
            [
                53305.19591629353
            ]
        ],
        "CMSIS-M2": [
            [
                1255051768.2495263
            ],
            [
                152842393.09813553
            ],
            [
                27536565.79047557
            ],
            [
                5102593.828077487
            ],
            [
                999244.893770071
            ],
            [
                206733.68140346347
            ],
            [
                37419.31314423049
            ]
        ],
        "2W-PRECISION": [
            [
                52378290.74958509
            ],
            [
                22487103.069503527
            ],
            [
                9378093.115979351
            ],
            [
                2298007.5554196853
            ],
            [
                776711.6717397849
            ],
            [
                188950.8640942004
            ],
            [
                55751.80743187897
            ]
        ],
        "2W-HashPipe": [
            [
                187928441.20460296
            ],
            [
                140684415.510188
            ],
            [
                104933649.08322348
            ],
            [
                76782265.75752702
            ],
            [
                43426673.511392005
            ],
            [
                16464056.092845162
            ],
            [
                6315749.736311804
            ]
        ]
    },
    "fnr": {
        "CMS": [
            [
                0.0
            ],
            [
                0.0
            ],
            [
                0.0
            ],
            [
                0.0
            ],
            [
                0.0
            ],
            [
                0.0
            ],
            [
                0.0
            ]
        ],
        "CMSIS-M1": [
            [
                0.0017196953138305599
            ],
            [
                0.00034171235160997837
            ],
            [
                0.00031209550442185766
            ],
            [
                0.00036555639121767014
            ],
            [
                0.00035605720735511074
            ],
            [
                0.00042724086218153326
            ],
            [
                0.0003735481816190078
            ]
        ],