{
    "recall": {
        "CMS": [
            [
                1.0
            ],
            [
                1.0
            ],
            [
                1.0
            ],
            [
                1.0
            ],
            [
                1.0
            ],
            [
                1.0
            ],
            [
                1.0
            ]
        ],
        "CMSIS-M1": [
            [
                0.6417832244955987
            ],
            [
                0.9211714661930152
            ],
            [
                0.9643343923995831
            ],
            [
                0.9772595278494515
            ],
            [
                0.972758630354098
            ],
            [
                0.9735986748279374
            ],
            [
                0.9785273421732893
            ]
        ],
        "CMSIS-M2": [
            [
                0.33263331038402844
            ],
            [
                0.7151986746247213
            ],
            [
                0.8334119243301215
            ],
            [
                0.8519471783828216
            ],
            [
                0.8665411412225598
            ],
            [
                0.8607317861872167
            ],
            [
                0.8569026025121402
            ]
        ],
        "2W-PRECISION": [
            [
                0.7917675302870283
            ],
            [
                0.8989792540936821
            ],
            [
                0.9754468404090774
            ],
            [
                0.9831646484628523
            ],
            [
                0.9930900605406107
            ],
            [
                0.9947140110459795
            ],
            [
                0.9960698009981127
            ]
        ],
        "2W-HashPipe": [
            [
                0.41617501781739324
            ],
            [
                0.547672587395404
            ],
            [
                0.7186824756358737
            ],
            [
                0.8498591331530185
            ],
            [
                0.8754044952582491
            ],
            [
                0.9464493451319461
            ],
            [
                0.98120877835891
            ]
        ]
    },
    "precision": {
        "CMS": [
            [
                0.3419573001918884
            ],
            [
                0.7102583811511235
            ],
            [
                0.8913997255324696
            ],
            [
                0.952403643847914
            ],
            [
                0.979430294321976
            ],
            [
                0.9913644496869125
            ],
            [
                0.9969102767253508
            ]
        ],
        "CMSIS-M1": [
            [
                0.33574759208674887
            ],
            [
                0.6699594850992735
            ],
            [
                0.8881842589624032
            ],
            [
                0.9564270674269232
            ],
            [
                0.9790859984765334
            ],
            [
                0.9931206218448608
            ],
            [
                0.998031054397617
            ]
        ],
        "CMSIS-M2": [
            [
                0.37200098671766285
            ],
            [
                0.7215658803805781
            ],
            [
                0.8902802781226729
            ],
            [
                0.9641703762101395
            ],
            [
                0.9841915642245292
            ],
            [
                0.9954445031888968
            ],
            [
                0.9985864018687992
            ]
        ],
        "2W-PRECISION": [
            [
                0.9718510842955262
            ],
            [
                0.9850805691390024
            ],
            [
                0.9925403405068937
            ],
            [
                0.9976402915576842
            ],
            [
                0.9988929845300593
            ],
            [
                0.9998580344460521
            ],
            [
                0.9998368972848966
            ]
        ],
        "2W-HashPipe": [
            [
                1.0
            ],
            [
                1.0
            ],
            [
                1.0
            ],
            [
                1.0
            ],
            [
                1.0
            ],
            [
                1.0
            ],
            [
                1.0
            ]
        ]
    },
    "mse": {
        "CMS": [
            [
                467695107.9202614
            ],
            [
                99880726.40127148
            ],
            [
                21400906.439110536
            ],
            [
                4412156.703192081
            ],
            [
                935294.4138238414
            ],
            [
                207363.48715735332
            ],
            [
                47698.60559965188
            ]
        ],
        "CMSIS-M1": [
            [
                1300755542.0497413
            ],
            [
                165972791.33367506
            ],
            [
                25950774.311862208
            ],
            [
                4995292.30377101
            ],
            [
                980248.092124901
            ],
            [
                212248.9909056141
            ],
            [
                79906.10144835069
            ]
        ],
        "CMSIS-M2": [
            [
                1319095459.5851583
            ],
            [
                158198249.07981235
            ],
            [
                27470980.88715825
            ],
            [
                4696260.285493876
            ],
            [
                1042591.8235958824
            ],
            [
                219350.48279293647
            ],
            [
                38190.894921063424
            ]
        ],
        "2W-PRECISION": [
            [
                59054282.32647634
            ],
            [
                23812608.08695468
            ],
            [
                8493134.855462546
            ],
            [
                3056205.4930906137
            ],
            [
                745859.1592779547
            ],
            [
                158109.928586388
            ],
            [
                43966.622289440566
            ]
        ],
        "2W-HashPipe": [
            [
                425635605.32647943
            ],
            [
                318887095.982099
            ],
            [
                133227846.89455374
            ],
            [
                66762094.349859565
            ],
            [
                154122723.3836601
            ],
            [
                19425547.661534518
            ],
            [
                7537127.157851082
            ]
        ]
    },
    "fnr": {
        "CMS": [
            [
                0.0
            ],
            [
                0.0
            ],
            [
                0.0
            ],
            [
                0.0
            ],
            [
                0.0
            ],
            [
                0.0
            ],
            [
                0.0
            ]
        ],
        "CMSIS-M1": [
            [
                0.05404179781208086
            ],
            [
                0.011001808356986258
            ],
            [
                0.004784580187716514
            ],
            [
                0.0030247081445577296
            ],
            [
                0.0036098109870011104
            ],
            [
                0.0034923886632683638
            ],
            [
                0.0028404637623798174
            ]
        ],