{
    "recall": {
        "CMS": [
            [
                1.0
            ],
            [
                1.0
            ],
            [
                1.0
            ],
            [
                1.0
            ],
            [
                1.0
            ],
            [
                1.0
            ],
            [
                1.0
            ]
        ],
        "CMSIS-M1": [
            [
                0.6626603666752673
            ],
            [
                0.970867108884493
            ],
            [
                0.9903081190332846
            ],
            [
                0.9916920207276168
            ],
            [
                0.9932822489320834
            ],
            [
                0.9901731960092888
            ],
            [
                0.9885359328860984
            ]
        ],
        "CMSIS-M2": [
            [
                0.3229811716980591
            ],
            [
                0.8160191078237435
            ],
            [
                0.9193784761044694
            ],
            [
                0.9548900189214758
            ],
            [
                0.9375510664831856
            ],
            [
                0.9482300536108483
            ],
            [
                0.957431427568017
            ]
        ],
        "2W-PRECISION": [
            [
                0.8128128494022534
            ],
            [
                0.9279115958544767
            ],
            [
                0.9702141746222872
            ],
            [
                0.980552987299676
            ],
            [
                0.9940063179094636
            ],
            [
                0.9965744244717755
            ],
            [
                0.9972012879504601
            ]
        ],
        "2W-HashPipe": [
            [
                0.5920479630744532
            ],
            [
                0.6451899852355151
            ],
            [
                0.8048710257733437
            ],
            [
                0.853758582752788
            ],
            [
                0.9095189716464551
            ],
            [
                0.9739851208394255
            ],
            [
                0.9831055051460681
            ]
        ]
    },
    "precision": {
        "CMS": [
            [
                0.3345853445592787
            ],
            [
                0.7343839006525813
            ],
            [
                0.8773907241009294
            ],
            [
                0.9471238564661777
            ],
            [
                0.9759499448280927
            ],
            [
                0.9919702445896931
            ],
            [
                0.9951446010210068
            ]
        ],
        "CMSIS-M1": [
            [
                0.28988946981261415
            ],
            [
                0.5487367840116448
            ],
            [
                0.850490567019102
            ],
            [
                0.9402171627971808
            ],
            [
                0.9801361077050788
            ],
            [
                0.9923040602351366
            ],
            [
                0.997613367960308
            ]
        ],
        "CMSIS-M2": [
            [
                0.35039968866234056
            ],
            [
                0.6197773307823703
            ],
            [
                0.8448026508057379
            ],
            [
                0.9522784435441813
            ],
            [
                0.9782793119820559
            ],
            [
                0.9914652476989142
            ],
            [
                0.9959931092625879
            ]
        ],
        "2W-PRECISION": [
            [
                0.9845082852855893
            ],
            [
                0.992833993687327
            ],
            [
                0.9951199901493766
            ],
            [
                0.9988870178457722
            ],
            [
                0.9987714097470021
            ],
            [
                0.9992472195632365
            ],
            [
                0.999422202300847
            ]
        ],
        "2W-HashPipe": [
            [
                1.0
            ],
            [
                1.0
            ],
            [
                1.0
            ],
            [
                1.0
            ],
            [
                1.0
            ],
            [
                1.0
            ],
            [
                1.0
            ]
        ]
    },
    "mse": {
        "CMS": [
            [
                621883299.1920525
            ],
            [
                131559780.1121523
            ],
            [
                28766793.623798873
            ],
            [
                6098930.804189373
            ],
            [
                1313610.794814416
            ],
            [
                289757.3738061001
            ],
            [
                58321.39669742463
            ]
        ],
        "CMSIS-M1": [
            [
                11915484510.361423
            ],
            [
                373614952.770169
            ],
            [
                47144599.1749878
            ],
            [
                7914225.4435482705
            ],
            [
                1434747.4561068567
            ],
            [
                285537.3007925138
            ],
            [
                65554.0999477372
            ]
        ],
        "CMSIS-M2": [
            [
                11905557847.071049
            ],
            [
                382114189.4199721
            ],
            [
                45568857.84770349
            ],
            [
                7364714.162421476
            ],
            [
                1451198.2930299672
            ],
            [
                271596.4479419675
            ],
            [
                55191.27570052924
            ]
        ],
        "2W-PRECISION": [
            [
                46932558.68956608
            ],
            [
                19619110.26516837
            ],
            [
                7518701.464961816
            ],
            [
                2921174.8483169577
            ],
            [
                749264.832116149
            ],
            [
                192077.72885037432
            ],
            [
                70585.77784773355
            ]
        ],
        "2W-HashPipe": [
            [
                279560724.63530755
            ],
            [
                270734846.0567453
            ],
            [
                188567755.7629432
            ],
            [
                109470371.1779227
            ],
            [
                62084859.14040709
            ],
            [
                13678946.027076468
            ],
            [
                8399931.327495687
            ]
        ]
    },
    "fnr": {
        "CMS": [
            [
                0.0
            ],
            [
                0.0
            ],
            [
                0.0
            ],
            [
                0.0
            ],
            [
                0.0
            ],
            [
                0.0
            ],
            [
                0.0
            ]
        ],
        "CMSIS-M1": [
            [
                0.04345827783359811
            ],
            [
                0.003518885972550657
            ],
            [
                0.0010909501479952838
            ],
            [
                0.0009237720365748099
            ],
            [
                0.0007435356952316568
            ],
            [
                0.0010857826714605321
            ],
            [
                0.001265714843222471
            ]
        ],